"id","receita_mil","invest_digital","invest_tradicional","num_promotores","taxa_conversao","impressoes_mil","cpc","num_cliques_mil","duracao_dias","canal","sazonalidade"
1,156.87,19.82,NA,4,3.77,446.9,3.59,16.5,18,"SEO","Alta"
2,175.6,30.5,12.5,4,0.94,615.6,2.83,33.1,27,"E-mail","Alta"
3,146.65,22.25,14.65,3,1.71,418.8,3,20.1,53,"Redes Sociais","Baixa"
4,82,2.72,6.25,2,3.29,93.3,3.73,0.5,36,"Redes Sociais","Alta"
5,147.48,21.52,13.31,5,3.29,410.1,2.85,29.1,22,"E-mail","Baixa"
6,269.08,46.21,4.9,0,2.08,821.8,2.29,49.1,59,"Redes Sociais","Alta"
7,129.23,19.69,11.28,5,1.2,461.7,3.01,30.1,53,"E-mail","Baixa"
8,127.5,17.93,8.59,3,1.72,419.8,3.12,23.9,27,"Display","Alta"
9,173.78,23.55,5.46,0,3.67,478.1,2.62,28.3,20,"Redes Sociais","Alta"
10,220.34,44.84,10.04,2,0.7,814.5,2.75,58.4,14,"E-mail","Baixa"
11,144.15,14.54,12.28,6,2.24,327.1,3.53,15.9,54,"Redes Sociais","Alta"
12,185.51,34.37,11.16,0,2.95,639,2.4,40.7,27,"SEO","Baixa"
13,112.67,17.63,2.46,6,2.4,385.3,3.93,39,26,"Redes Sociais","Baixa"
14,122.49,21.07,0.02,6,2.47,455.3,3.05,23.9,59,"SEO","Baixa"
15,180.3,20.74,6.93,5,3.8,429,2.99,34,33,"Redes Sociais","Alta"
16,178.78,34.37,1.9,3,2.19,666.6,2.17,31.6,13,"E-mail","Baixa"
17,185.29,32.3,8.05,2,2.7,663.7,2.9,39.2,41,"E-mail","Baixa"
18,202.37,37.91,7.91,0,2.13,764.5,2.39,41.1,20,"Redes Sociais","Baixa"
19,211.62,37.79,5.5,3,2.9,742.9,2.86,35.8,13,"Redes Sociais","Baixa"
20,261.51,50.94,0,3,2.18,963.2,2.45,54.1,40,"Redes Sociais","Baixa"
21,168.73,25.85,5.73,7,2.78,543.4,3.38,42.5,33,"Redes Sociais","Baixa"
22,72.6,2,5.84,4,2.41,92,3.29,4,39,"Redes Sociais","Alta"
23,141.42,18.5,0,2,4.4,426.4,2.58,20.4,34,"Redes Sociais","Baixa"
24,153.94,15.69,10.98,5,3.86,294,3.3,24.2,46,"Redes Sociais","Alta"
25,136.85,21.45,7.17,5,2,433.6,3.26,22.2,54,"E-mail","Baixa"
26,220.65,38.82,8.28,2,2.06,781.8,3.25,46,43,"Redes Sociais","Alta"
27,147.76,18.17,10.99,4,1.36,356.3,3.06,23.3,15,"E-mail","Alta"
28,118.79,15.33,13.8,2,1.64,274.2,3.33,16.3,32,"Redes Sociais","Baixa"
29,164.04,30.91,1.46,2,0.93,623.4,3.08,34.2,55,"Redes Sociais","Baixa"
30,193.28,33.41,19.64,1,3.02,633.5,2.57,46.6,59,"SEO","Baixa"
31,144.96,22.08,4.63,2,1.73,432.8,2.42,25.4,32,"Display","Baixa"
32,173.69,29.95,8.45,1,2.4,612.2,2.65,46,18,"Redes Sociais","Baixa"
33,189.57,30.98,10.73,5,3.92,671.1,3.04,35.8,26,"SEO","Baixa"
34,175.35,29.41,5.62,4,3.02,580.7,2.95,33,44,"Redes Sociais","Baixa"
35,138.8,18.15,13.62,3,1.46,405.1,2.67,19.5,51,"E-mail","Alta"
36,198.63,33.87,6.39,6,1.83,595.9,2.62,23.6,9,"E-mail","Alta"
37,84.03,2,6.96,4,1.02,88.7,3.11,0.5,40,"Redes Sociais","Alta"
38,200.74,32.37,20.07,4,1.53,580.5,3.02,36.1,40,"E-mail","Baixa"
39,173.55,29.84,8.22,2,3.69,536.1,2.81,30.2,50,"SEO","Baixa"
40,273.75,49.62,10.21,6,2.87,985.4,2.29,64.3,9,"E-mail","Alta"
41,174.22,28.16,0,3,1.4,577.8,3.21,34.9,57,"E-mail","Alta"
42,168.51,26.33,8.73,2,2.99,541.2,2.65,28.7,9,"Display","Baixa"
43,229.77,39.35,8.08,5,3.09,742.3,3.09,49.8,32,"E-mail","Alta"
44,184.21,33.8,0.44,1,1.62,619.9,2.4,34.7,16,"E-mail","Alta"
45,162.14,24.95,6.78,1,2.38,512,2.3,30.5,9,"Redes Sociais","Baixa"
46,157.41,24.75,3.46,6,2.59,461.6,2.57,31.9,22,"Redes Sociais","Baixa"
47,163.53,26.66,3.44,5,2.77,602.5,2.96,32.6,23,"Display","Alta"
48,121.88,12.16,7.63,5,3.14,271.2,3.24,14.6,50,"Redes Sociais","Baixa"
49,192.85,39.83,8.45,4,2.93,776.4,2.34,44.2,29,"E-mail","Baixa"
50,142.65,18.52,9.19,NA,2.54,336,2.9,20,50,"Redes Sociais","Baixa"
51,180.56,21.45,14.72,1,4.61,451.7,3.23,33.3,35,"Display","Alta"
52,176.94,33.26,5.37,2,2.44,682.7,2.97,38.9,17,"SEO","Baixa"
53,121.27,20.21,8.02,3,1.11,423.2,3.18,19.9,10,"Display","Baixa"
54,154.03,23.76,9.13,5,1.75,479.3,2.67,25.5,12,"Display","Alta"
55,224.62,43.35,11.97,3,2.2,877.3,2.74,44.7,20,"E-mail","Baixa"
56,109.24,17.38,2.3,4,3.19,384.4,3.79,23.8,39,"SEO","Baixa"
57,133.54,22.28,8.23,4,1.36,470.1,2.78,25.4,24,"SEO","Alta"
58,240.41,43.01,8.77,2,1.41,856.2,3.4,50.7,11,"Redes Sociais","Alta"
59,128.95,20.89,1.52,0,2.27,436.3,3.47,26.8,29,"Display","Alta"
60,155.97,18.36,1.34,3,2.99,474.8,2.84,8.6,8,"Redes Sociais","Alta"
61,190.88,28.09,14.29,2,3.1,566.1,2.56,28.5,21,"Redes Sociais","Baixa"
62,173.84,32.36,NA,0,2.23,664.7,2.77,48.6,20,"Display","Baixa"
63,130.35,17.17,4.88,2,1.79,386.6,3.24,22.5,23,"E-mail","Alta"
64,177.28,23.34,9.26,6,4.26,491.6,2.72,27.3,35,"E-mail","Baixa"
65,168.4,23.52,7.27,2,2.87,505,2.84,31,58,"E-mail","Alta"
66,114.43,13.42,4.14,2,2.57,302.1,3.45,20.1,60,"Redes Sociais","Baixa"
67,163.56,25.23,12.16,6,2.96,446.1,2.99,22.3,30,"SEO","Baixa"
68,234.4,45.3,4.65,3,1.9,841.4,2.16,50.9,56,"E-mail","Baixa"
69,208.28,35.63,8.71,0,2.68,761.6,2.7,45.6,12,"E-mail","Alta"
70,136.86,16.24,10.93,1,2.88,399.9,2.96,22.2,48,"SEO","Alta"
71,165.34,29.22,13.8,7,1.92,572.7,1.85,32.7,15,"Display","Baixa"
72,125.62,22.03,4.67,5,2.29,371.2,2.68,24.1,33,"E-mail","Baixa"
73,132.45,23.04,14.69,3,2.95,441.9,2.75,21.8,34,"SEO","Baixa"
74,180.55,35.47,18.48,0,1.25,643.3,2.62,38.4,9,"Display","Baixa"
75,211.99,32.27,8.61,0,3.42,580.5,2.33,38.5,58,"Redes Sociais","Alta"
76,174.25,36.13,3.75,NA,2.35,728.8,2.98,38.5,24,"SEO","Baixa"
77,174.7,30.5,4.13,0,2.03,602.7,2.31,35.6,46,"SEO","Alta"
78,125.08,15.39,5.24,2,1.89,370.2,3.97,21.1,35,"E-mail","Alta"
79,175.77,19.03,10.59,5,3.76,352.8,2.61,27.3,12,"Redes Sociais","Alta"
80,82.45,10.44,14.89,2,2.21,207.8,3.46,5.4,53,"Display","Baixa"
81,220.62,32.44,8.12,1,2.53,653.2,3.62,38.4,32,"Redes Sociais","Alta"
82,218.85,41.32,3.72,1,2.02,828.5,2.4,52.5,17,"Display","Alta"
83,66.47,5.55,5.43,1,1.76,144.7,3.31,10.2,19,"SEO","Baixa"
84,166.02,25.95,13.75,2,2.96,488.2,2.65,20.8,51,"Display","Alta"
85,199.68,31.15,0.74,0,2.44,666.3,3,36.4,14,"Redes Sociais","Alta"
86,141.74,22.37,7.84,6,2.65,503.2,3.39,33.8,22,"Display","Baixa"
87,94.66,15.09,4.97,2,1.96,353.3,2.69,14.4,35,"SEO","Baixa"
88,110.66,12.84,12.33,5,3.29,305.6,2.93,17.6,53,"Display","Baixa"
89,241.07,40.38,9.69,2,2.92,741,2,41.8,60,"Redes Sociais","Alta"
90,161.68,22.45,6.55,3,2.83,393.2,3.11,31.1,58,"Redes Sociais","Alta"
91,191.07,39.22,0,1,2.86,819.7,2.93,51.5,56,"Display","Baixa"
92,126.32,17.19,9.21,1,3.48,368.4,2.92,22.8,12,"SEO","Alta"
93,218.57,40.45,2.15,2,3.14,753.4,2.17,48.2,11,"SEO","Alta"
94,187.76,31.47,5.38,3,2.09,662.2,2.28,36.5,47,"Redes Sociais","Alta"
95,179.83,25.31,15.67,3,2.81,487.1,3.23,40.5,42,"Redes Sociais","Alta"
96,235.16,38.97,16.78,3,NA,737.7,2.34,49.4,29,"Redes Sociais","Alta"
97,155.75,20.59,13.39,5,3.91,433.9,3.42,18.4,46,"SEO","Baixa"
98,120.94,20.64,8.86,1,1.46,379.6,3.82,17.3,48,"E-mail","Baixa"
99,159.13,24.92,5.01,5,2.71,483.5,3.51,29.1,50,"SEO","Baixa"
100,164.74,23.79,10.42,4,1.86,446.4,2.63,26,59,"E-mail","Baixa"
101,129.46,23.22,12.18,0,1.1,503.2,3.57,29.3,42,"Redes Sociais","Baixa"
102,133.52,22.8,12.38,0,2.12,470.3,2.8,25.2,56,"SEO","Baixa"
103,118.86,14.7,1.71,6,1.69,305.9,3.35,15.6,57,"E-mail","Alta"
104,190.53,36.5,2.28,3,2.54,746.6,2.87,47.2,36,"Redes Sociais","Baixa"
105,143.14,14.93,3.61,2,2.81,317.4,3.46,23.3,12,"Redes Sociais","Alta"
106,128.18,15.88,10,3,2.58,329.4,3.21,23.2,59,"Redes Sociais","Baixa"
107,106.78,14.6,1.05,0,2.5,316.8,3.37,18.3,49,"SEO","Alta"
108,226.97,44.91,12.06,2,3.05,839,2.74,54.7,16,"SEO","Baixa"
109,181.61,31.68,NA,4,2.11,622,1.99,28.9,26,"Redes Sociais","Alta"
110,178.58,32.22,10.07,2,0.34,657.9,2.77,30.8,47,"E-mail","Alta"
111,95.58,2,7.5,2,3.4,92.1,3.72,10.9,23,"E-mail","Alta"
112,138.54,20.44,8.44,1,2.41,466.7,3.29,23.1,30,"Display","Alta"
113,236.85,38.89,17.57,6,3.09,732.2,2.68,45.5,53,"Redes Sociais","Baixa"
114,243.09,41.68,7.53,4,2.93,791,3.27,56.4,44,"Redes Sociais","Alta"
115,53.3,2,7.99,0,2.39,126.1,3.58,3.4,59,"Redes Sociais","Baixa"
116,80.98,2,6.3,2,3.03,49.8,3.52,0.5,18,"Redes Sociais","Alta"
117,68.78,8.58,11.81,0,1.47,162.2,3.26,0.5,42,"E-mail","Baixa"
118,121.71,8.52,15.01,3,2.89,222.7,4.37,11.2,59,"Redes Sociais","Baixa"
119,215.72,33.85,2.94,3,3.52,647,2.51,37.9,48,"Redes Sociais","Alta"
120,196.06,30.46,9.33,2,3.72,568.9,3.25,39.7,9,"SEO","Alta"
121,238.15,46.32,0,1,2.12,855.9,2.89,49.2,25,"E-mail","Alta"
122,174.5,27.34,15.86,0,2.27,565.9,2.7,30.9,42,"Redes Sociais","Baixa"
123,143.27,20.86,10.36,2,3.35,404.8,3.55,24.1,39,"E-mail","Baixa"
124,237.91,44.35,15.6,0,2.07,847.1,2.77,51.9,15,"SEO","Alta"
125,182.85,34.31,5.62,5,2.94,644,3.13,42.3,11,"E-mail","Baixa"
126,206.71,33.45,9.45,2,2.31,665.1,2.12,35.3,30,"Redes Sociais","Alta"
127,219.99,37.87,14.08,0,1.95,711.7,2.34,44.4,37,"E-mail","Alta"
128,159.55,22.43,10.8,5,2.55,467.2,2.93,28.7,56,"E-mail","Alta"
129,182.28,29.36,12.44,4,2.38,562,2.94,34.3,56,"Redes Sociais","Baixa"
130,212.86,38,14.38,0,NA,789.7,2.77,51.3,32,"E-mail","Alta"
131,59.49,2,6.49,2,2.03,98.1,3.52,0.5,56,"E-mail","Baixa"
132,168.34,25.19,8.67,1,3.06,447.5,3.12,31.9,43,"SEO","Alta"
133,157.7,14.55,8.41,6,3.92,353.1,3.7,25.1,31,"Redes Sociais","Alta"
134,130.44,14.19,5.81,7,2.18,303.2,3.92,11.7,9,"Redes Sociais","Alta"
135,98.48,15.69,0,3,1.55,339.3,3.48,20.4,37,"Display","Baixa"
136,195.48,29.34,5.19,5,1.78,619.8,2.51,29.9,8,"Redes Sociais","Alta"
137,171.78,24.79,15.52,6,2.66,508.4,2.48,27.7,11,"Redes Sociais","Baixa"
138,119.46,11.58,19.52,2,2.51,335.3,4.01,16.5,17,"E-mail","Baixa"
139,163.26,32.04,2.99,4,1.63,610.9,2.64,36,8,"E-mail","Baixa"
140,192.93,30.83,4.82,3,2.68,615.5,3.02,45.7,49,"Redes Sociais","Alta"
141,155.23,30.69,0,2,2.42,616.7,3.05,35.3,46,"SEO","Baixa"
142,170.51,29.34,9.35,4,2.75,601.9,3.21,27.7,8,"Redes Sociais","Baixa"
143,205.22,39.61,5.44,2,2.41,787.9,2.53,41.7,18,"E-mail","Baixa"
144,101.44,16.92,1.89,5,1.33,371,3.1,19.5,41,"SEO","Baixa"
145,136.61,17.81,6.51,2,3.6,333.3,3.27,19,35,"Display","Alta"
146,194.55,33.83,3.13,1,3.59,646.5,2.45,41.9,50,"Redes Sociais","Baixa"
147,196.64,32.22,12.78,4,2.53,632.1,2.74,33.8,46,"Redes Sociais","Baixa"
148,207.08,38.31,10.12,5,3.74,724.8,2.42,46.3,18,"SEO","Baixa"
149,142.62,24.86,8.53,0,3.23,507.1,2.58,27.9,56,"SEO","Baixa"
150,182.09,32.26,12.58,0,1.7,606.8,2.84,31.2,15,"Redes Sociais","Baixa"
151,209.29,38.48,10.55,3,3.17,769.9,2.91,44,55,"Redes Sociais","Baixa"
152,137.06,16.54,0,3,1.61,353.9,3.25,17.4,59,"Redes Sociais","Alta"
153,228.53,46.15,9.41,2,2.23,897.1,2.66,52.4,51,"Display","Baixa"
154,119.63,16.24,10.52,6,2.89,335.7,3.16,28.2,39,"E-mail","Baixa"
155,92.24,5.39,9.62,0,3.57,126.6,3.36,7.7,26,"SEO","Alta"
156,152.82,23.51,4.99,0,1.89,517,2.5,27.8,28,"SEO","Alta"
157,179.76,27.45,8.65,2,NA,518.2,3.37,24.4,53,"E-mail","Alta"
158,119.56,16.8,7.21,3,3.46,328.4,3.73,21.5,19,"SEO","Baixa"
159,93.9,12.8,2.16,1,2.53,259.8,3.6,15.2,17,"SEO","Baixa"
160,153.39,16.94,17.84,5,1.06,409.6,3.54,29.1,30,"Redes Sociais","Alta"
161,201.98,38.46,0.17,2,3.24,739.1,2.7,34.1,17,"Redes Sociais","Baixa"
162,65.73,2,4.62,1,3,119.3,3.46,1.2,32,"E-mail","Baixa"
163,86.9,2,NA,1,3.25,55.2,3.57,1.8,13,"Display","Alta"
164,88.62,9.51,0,1,2.46,208.5,3.13,13.1,46,"Redes Sociais","Baixa"
165,241.52,37.86,11.41,4,3.48,726.7,2.96,40.1,34,"Redes Sociais","Alta"
166,195.91,35.74,6.4,1,2.64,713.1,2.94,42.3,39,"E-mail","Baixa"
167,137.42,14.89,6.23,3,2.54,308.9,3.23,30.9,46,"Redes Sociais","Alta"
168,156.56,25.56,0,0,2.43,531,2.93,28.5,27,"E-mail","Alta"
169,196.65,32.48,4.47,3,4.35,638,2.95,38.1,53,"E-mail","Baixa"
170,207.73,30.82,10.07,3,3.16,610.2,3.16,32.1,28,"Redes Sociais","Alta"
171,176.61,31.38,5.99,6,0.56,678.5,3.54,42.7,52,"SEO","Alta"
172,156.43,27.37,14.04,NA,2.14,522.3,2.35,25.6,22,"SEO","Baixa"
173,195.64,28.92,8.33,5,3.11,599.8,2.72,32,37,"E-mail","Alta"
174,69.13,7.72,7.94,0,2,221.9,4.16,12.8,30,"SEO","Baixa"
175,270.94,50.38,7.57,4,1.84,1006.9,2.43,61.7,27,"Redes Sociais","Alta"
176,133.18,22.78,10.07,3,1.88,469.8,3.71,28.5,17,"E-mail","Baixa"
177,216.98,30.91,14.44,6,2.78,613.9,2.55,39.2,34,"Display","Alta"
178,84.36,8.66,12.27,0,2.08,210.5,3.87,5.1,33,"Display","Baixa"
179,137.3,20.62,12.06,5,2.49,442.6,2.8,22.3,45,"Display","Baixa"
180,185.82,34.07,15.71,2,2.39,681.6,2.47,39,43,"E-mail","Baixa"
181,179.57,26.76,5.88,3,2.38,523.2,3.06,36.5,53,"Redes Sociais","Alta"
182,186.94,28.14,7.74,3,2.08,583.1,2.87,33.2,50,"Redes Sociais","Alta"
183,94.72,9.33,17.32,3,1.87,235.8,2.97,11.8,21,"Display","Baixa"
184,175.24,30.91,5.55,2,3.72,627.4,2.46,36.5,37,"SEO","Baixa"
185,161.46,18.87,11.64,4,3.21,474.1,3.44,18.8,14,"Redes Sociais","Alta"
186,106.58,5.07,9.53,4,2.61,149.6,3.06,1.2,55,"Redes Sociais","Alta"
187,211.68,32.47,18.19,3,2.61,619,3.2,39.4,8,"SEO","Alta"
188,162.75,25.19,15.99,2,2.68,516.1,3.54,25.4,17,"Redes Sociais","Baixa"
189,138.64,16.19,9.2,7,3.98,333.5,2.71,21.4,12,"Redes Sociais","Baixa"
190,156.31,28.3,11.01,1,2.21,536.3,2.17,26.3,22,"E-mail","Baixa"
191,61.26,2.7,0,2,1.58,87.3,2.63,1.8,19,"E-mail","Alta"
192,265.21,49.95,7.69,4,2.56,952.4,2.72,56.5,49,"Redes Sociais","Alta"
193,70.82,2,11.43,3,2.95,115.2,3.18,0.5,22,"Redes Sociais","Baixa"
194,189.67,28.93,20.3,6,2.61,581.4,3.33,33.1,31,"Display","Baixa"
195,153.57,22.27,8.65,4,2.17,426.1,2.93,27.4,39,"Redes Sociais","Baixa"
196,127.68,10.83,11.14,4,3.19,240.3,2.8,22.3,32,"Redes Sociais","Alta"
197,186.94,28.97,8.42,5,3.72,525.6,2.46,29.8,18,"Redes Sociais","Baixa"
198,144.68,20.12,1.74,0,2.54,406.1,3.12,26.4,55,"E-mail","Alta"
199,246.49,43.3,8.45,3,3.99,790.1,3.29,52,28,"SEO","Baixa"
200,91.93,11.76,11.15,4,1.37,220,3.38,26.4,40,"Redes Sociais","Baixa"
